"","tp","precision","recall"
"1",8,0.666666666666667,0.615384615384615
"2",7,0.583333333333333,0.538461538461538
"3",8,0.727272727272727,0.615384615384615
"4",7,0.583333333333333,0.538461538461538
"5",7,0.583333333333333,0.538461538461538
