"","tp","precision","recall"
"1",8,0.727272727272727,0.666666666666667
"2",4,0.4,0.333333333333333
"3",5,0.5,0.416666666666667
"4",7,0.7,0.583333333333333
"5",6,0.75,0.5
