"","tp","precision","recall"
"1",6,0.5,0.461538461538462
"2",6,0.5,0.461538461538462
"3",7,0.583333333333333,0.538461538461538
"4",6,0.5,0.461538461538462
"5",6,0.5,0.461538461538462
"6",7,0.538461538461538,0.5
"7",8,0.615384615384615,0.571428571428571
"8",9,0.692307692307692,0.642857142857143
"9",9,0.692307692307692,0.642857142857143
