"","tp","precision","recall"
"1",7,0.583333333333333,0.583333333333333
"2",8,0.666666666666667,0.666666666666667
"3",7,0.583333333333333,0.583333333333333
"4",9,0.75,0.75
"5",8,0.666666666666667,0.666666666666667
