"","tp","precision","recall"
"1",6,0.545454545454545,0.5
"2",8,0.666666666666667,0.666666666666667
"3",10,0.833333333333333,0.833333333333333
"4",8,0.727272727272727,0.666666666666667
"5",9,0.75,0.75
"6",10,0.833333333333333,0.769230769230769
"7",9,0.75,0.692307692307692
"8",10,0.833333333333333,0.769230769230769
"9",11,0.916666666666667,0.846153846153846
