"","tp","precision","recall"
"1",8,0.666666666666667,0.615384615384615
"2",7,0.583333333333333,0.538461538461538
"3",9,0.75,0.692307692307692
"4",10,0.833333333333333,0.769230769230769
"5",10,0.833333333333333,0.769230769230769
